ID,NAME,SURNAME,PHONE,EMAIL
48a53385-79bf-435e-b8d5-37acd358fcfb,GuideName1,GuideSurname1,+380804967101,guide1@example.com
72eefbc8-228c-4fa1-8497-968a6989f107,GuideName2,GuideSurname2,+380740958601,guide2@example.com
094a9f47-15e5-4d20-88a3-9aed177ad7ce,GuideName3,GuideSurname3,+380885139153,guide3@example.com
52e9cdcb-00c3-4df0-9065-9c6c721bfe11,GuideName4,GuideSurname4,+380832534955,guide4@example.com
9bbce141-cc95-46be-ad11-d5627eda8734,GuideName5,GuideSurname5,+380989148839,guide5@example.com
fc78f0f9-f80e-426f-87cf-f70473e5f14c,GuideName6,GuideSurname6,+380902338547,guide6@example.com
8da3758e-c6fd-4bb4-af99-4777f681c0f2,GuideName7,GuideSurname7,+380754325476,guide7@example.com
384b8cad-bad2-414c-9106-bf23262e77af,GuideName8,GuideSurname8,+380613027193,guide8@example.com
83fed46c-2837-4af2-99d8-ff805aef2efe,GuideName9,GuideSurname9,+380588234124,guide9@example.com
79d40d83-ac62-4d45-83a7-931e759aac58,GuideName10,GuideSurname10,+380701544383,guide10@example.com
9674bfa7-935a-466b-b3d0-4cc2b6e7b83b,GuideName11,GuideSurname11,+380579456800,guide11@example.com
e2f92990-73ec-4bdb-83ea-b43060271abc,GuideName12,GuideSurname12,+380860722548,guide12@example.com
323d07f5-a3d5-4db4-bd9a-9426f842288c,GuideName13,GuideSurname13,+380262118705,guide13@example.com
cadc2c54-b24b-4f5c-8b8d-7a4f286fd706,GuideName14,GuideSurname14,+380491600302,guide14@example.com
281afdf3-b7f5-442a-917a-9d06fbc0b658,GuideName15,GuideSurname15,+380742769375,guide15@example.com
f1c5689d-a4f2-4328-b155-c79663e2fa2a,GuideName16,GuideSurname16,+380690995498,guide16@example.com
95665f61-6175-4856-be7d-dc4b236fb0c9,GuideName17,GuideSurname17,+380808479704,guide17@example.com
d17cb3b0-9709-44fb-aaf9-391315a05f33,GuideName18,GuideSurname18,+380388551832,guide18@example.com
ae805d8c-0961-46f4-bc19-dff7a560bf9f,GuideName19,GuideSurname19,+380164601335,guide19@example.com
17105f5a-286a-4d2f-8a8d-f30d3a25ac33,GuideName20,GuideSurname20,+380826491330,guide20@example.com
232e2f0f-9e96-4fe6-802f-113f983ec842,GuideName21,GuideSurname21,+380372373015,guide21@example.com
244c1839-3901-496f-83ad-df478633e59a,GuideName22,GuideSurname22,+380253696642,guide22@example.com
51762551-5f09-4bdb-a2ff-9aaf268624c1,GuideName23,GuideSurname23,+380973371731,guide23@example.com
a6da697e-3918-4d2c-885e-1997778a4d57,GuideName24,GuideSurname24,+380152943189,guide24@example.com
0afb9653-d535-463c-8955-8084935cfe48,GuideName25,GuideSurname25,+380305120846,guide25@example.com
44c5c645-14d8-41b6-9b7b-491b199695dc,GuideName26,GuideSurname26,+380219158564,guide26@example.com
9f8db239-de94-40f8-8010-f41c310545d9,GuideName27,GuideSurname27,+380165460550,guide27@example.com
5c8cd7ff-39c0-4a04-95c0-d9a6f0f51da9,GuideName28,GuideSurname28,+380657056369,guide28@example.com
fad9bc7e-c200-425b-b833-faed96caf5d5,GuideName29,GuideSurname29,+380313425354,guide29@example.com
a13f0061-728b-4d85-880f-6d5b3526bced,GuideName30,GuideSurname30,+380535223131,guide30@example.com
72b73633-e3cb-4952-ad44-f6ec70b28886,GuideName31,GuideSurname31,+380327376141,guide31@example.com
c5fc5ddf-6404-4092-aaaf-8121f723623f,GuideName32,GuideSurname32,+380794321591,guide32@example.com
f6f4a8ce-f220-4173-b3b3-997661b9442b,GuideName33,GuideSurname33,+380450664448,guide33@example.com
76224953-a8ff-4446-aef1-815a733e2894,GuideName34,GuideSurname34,+380585653577,guide34@example.com
f168268e-599b-4c98-a326-7ef6c8ff731b,GuideName35,GuideSurname35,+380823147481,guide35@example.com
b0074f50-6061-49a6-a9fc-f88dbe0a97f9,GuideName36,GuideSurname36,+380210286595,guide36@example.com
8b3c00f2-7b3b-450a-9ef6-a388e78923bd,GuideName37,GuideSurname37,+380500235842,guide37@example.com
f0b70566-3994-4f1e-9cc7-e127221dc0de,GuideName38,GuideSurname38,+380403357781,guide38@example.com
786cd4b5-9d84-43ec-b8ed-793a514f2ded,GuideName39,GuideSurname39,+380633392295,guide39@example.com
e68311d4-9ba9-4d8a-988e-9064679e5922,GuideName40,GuideSurname40,+380596420770,guide40@example.com
9b6a65d9-930e-4242-bd57-6f43516ffac0,GuideName41,GuideSurname41,+380435064958,guide41@example.com
fad8655e-8993-4ffd-889e-f87b644dc5ea,GuideName42,GuideSurname42,+380242924932,guide42@example.com
76fa7c03-580f-4fe8-8b1a-e71577d140e3,GuideName43,GuideSurname43,+380890819779,guide43@example.com
dd233a2e-2857-4b66-912f-8c0e617f07aa,GuideName44,GuideSurname44,+380967399894,guide44@example.com
dab0fb0d-4a24-4a33-98d8-ece05f5d635b,GuideName45,GuideSurname45,+380900478471,guide45@example.com
e3ada14a-a62c-43d5-8458-8ff199d44703,GuideName46,GuideSurname46,+380189842052,guide46@example.com
93dfd153-6af8-4600-a997-2c48256f292e,GuideName47,GuideSurname47,+380352936744,guide47@example.com
09b8497a-eb36-4a78-9ed2-45f31673d4de,GuideName48,GuideSurname48,+380274912209,guide48@example.com
b1a38bd8-9270-4f00-8923-69114daf7228,GuideName49,GuideSurname49,+380328074365,guide49@example.com
5eb3d5ed-df9b-4488-9e35-72939cb8b795,GuideName50,GuideSurname50,+380763579449,guide50@example.com
