CLIENT_ID,ADDITIONAL_INFO
bf17c427-d4e8-4200-b69b-747a8b20a999,Additional info 1
b7a39b7e-49df-4200-8337-d21a175bdd87,Additional info 2
e7555a9e-4c7d-4941-a259-2746e8eff453,Additional info 3
0c1054b6-d983-4470-8383-e9df50e49b31,Additional info 4
b021e58f-2651-4873-b566-7094141c5b80,Additional info 5
49a17563-de97-4e90-ad22-781de6fcfd76,Additional info 6
595d59bc-3bd9-4077-b73e-045244f94005,Additional info 7
decc4884-8b95-497d-93a6-69f87d22ab17,Additional info 8
aa8076ae-8082-4d30-8379-f18f02f6ecd1,Additional info 9
9bab68ee-f561-41c4-9b8d-6eafcc0c560d,Additional info 10
7eaead0b-6c8d-42e0-b57e-aa2f70821062,Additional info 11
2c1861af-4140-4504-a75d-cde7ce5345f8,Additional info 12
2d58f5a2-0558-4eb5-8a43-8629acc351e9,Additional info 13
e9c6f9df-1e0e-4462-8747-77fbabf0dbd0,Additional info 14
8e6ab081-d843-4a5f-893a-fb572c76be6c,Additional info 15
5e236759-d043-46dd-b7fd-f3be48407ae8,Additional info 16
10167ff2-f0f4-41ec-8f6f-346da09f8df5,Additional info 17
f10eea52-250f-4161-85e2-9e1b798ab384,Additional info 18
74439da1-5aa4-411b-a5df-197ff4708898,Additional info 19
38f747fc-8c87-4894-b715-e09f21bf8d55,Additional info 20
7aab4bee-adde-4b5d-86e3-47127465704e,Additional info 21
84deceb6-017d-49ad-8b93-24e71e7078ca,Additional info 22
5b21be5f-3783-4560-93e8-49d0bd4d86be,Additional info 23
10b94913-7d38-46c7-88b3-5176c5a80061,Additional info 24
e746f02a-27e5-4b8c-b7e5-1b8dd40cabac,Additional info 25
64872495-1f33-4099-9323-68bc6a57b3bc,Additional info 26
f0f01dca-7b7b-43e5-b07f-54ce87c56ac3,Additional info 27
d4c6db2e-4610-47df-b841-c39f641d66df,Additional info 28
398c0c60-6519-4646-af79-9e637af824fc,Additional info 29
de04a0cd-8adc-4bb5-bc61-68b641897b58,Additional info 30
18ec06f0-8bfd-4203-afd7-e8bcc1a6b868,Additional info 31
cc341055-6387-4020-a57d-79e18b27dc45,Additional info 32
41d83af0-f876-4d49-b82e-b856e7af9c0f,Additional info 33
aaa27e4c-d5a8-4908-81e5-8c0f4dac34ce,Additional info 34
b6796aa9-d81e-4217-a190-083a45e3c009,Additional info 35
7ec0361a-a71f-4449-aa34-6d77dcc1d352,Additional info 36
356d04f9-eb60-4843-99a4-3a9ad1fb1238,Additional info 37
1e0448e2-60e6-428c-83ea-c9ce1472c42e,Additional info 38
4fbce8c7-5620-49a5-8753-fa55b1db3117,Additional info 39
4ed60eb5-660d-460c-b9bb-396f03b5388e,Additional info 40
09019d25-f151-4b8e-b78c-9984d600b524,Additional info 41
ea629fea-4b88-435f-a0d7-f02477a382e6,Additional info 42
63e1e452-4141-483d-ac42-5b19a9b29fd9,Additional info 43
a03a3103-a687-42f5-9961-d9cd4b9d27ed,Additional info 44
a6c827db-7e35-4e49-94be-b809e2ff1018,Additional info 45
bbe1a9d4-0934-4589-8b8c-b08f61d233ef,Additional info 46
f2ff82af-9842-4bfb-b213-5f9b5068845d,Additional info 47
57381688-c277-4c37-8c4c-dceea3ee332d,Additional info 48
bab35fc1-0535-45e5-8c02-1bfc7d28caf4,Additional info 49
95770ca7-e9f7-4a8d-935e-ce7d9d2ceb4b,Additional info 50
